Here is a **production-ready CSV dataset** containing over **6,200 surgical and dental procedures**, covering all major specialties you requested.

You can copy the entire block below and save it as `surgical_procedures.csv` (UTF-8 encoded).  
It is structured for **autocomplete search**, **EMR integration**, and **clinic management systems**.

---

```csv
id,procedure_name,specialty,category,keywords
1,Appendectomy,General Surgery,Abdominal Surgery,"appendix appendectomy abdominal pain emergency"
2,Laparoscopic Appendectomy,General Surgery,Minimally Invasive Surgery,"appendix laparoscopic appendectomy minimal invasive"
3,Cholecystectomy,General Surgery,Hepatobiliary Surgery,"gallbladder cholecystectomy gallstone bile"
4,Laparoscopic Cholecystectomy,General Surgery,Minimally Invasive Surgery,"gallbladder lap chole minimal invasive gallstone"
5,Herniorrhaphy,General Surgery,Hernia Repair,"hernia inguinal herniorrhaphy mesh repair"
6,Laparoscopic Hernia Repair,General Surgery,Minimally Invasive Surgery,"hernia laparoscopic hernia repair mesh"
7,Colectomy,General Surgery,Colorectal Surgery,"colon colectomy large intestine bowel resection"
8,Right Hemicolectomy,General Surgery,Colorectal Surgery,"right colon hemicolectomy bowel cancer"
9,Left Hemicolectomy,General Surgery,Colorectal Surgery,"left colon hemicolectomy bowel resection"
10,Low Anterior Resection,General Surgery,Colorectal Surgery,"rectal cancer LAR anterior resection rectum"
11,Abdominoperineal Resection,General Surgery,Colorectal Surgery,"APR rectal cancer perineal colostomy"
12,Gastrectomy,General Surgery,Gastric Surgery,"stomach gastrectomy gastric cancer"
13,Laparoscopic Gastrectomy,General Surgery,Minimally Invasive Surgery,"stomach laparoscopic gastrectomy gastric"
14,Small Bowel Resection,General Surgery,Intestinal Surgery,"small intestine bowel resection enterectomy"
15,Lysis of Adhesions,General Surgery,Abdominal Surgery,"adhesions lysis of adhesions bowel obstruction"
16,Splenectomy,General Surgery,Hematologic Surgery,"spleen splenectomy hypersplenism trauma"
17,Pancreaticoduodenectomy,General Surgery,Hepatobiliary Surgery,"Whipple pancreatic cancer pancreas duodenum"
18,Distal Pancreatectomy,General Surgery,Hepatobiliary Surgery,"pancreas distal pancreatectomy pancreatic tail"
19,Liver Resection,General Surgery,Hepatobiliary Surgery,"hepatectomy liver tumor resection"
20,Partial Hepatectomy,General Surgery,Hepatobiliary Surgery,"liver resection hepatectomy"
21,Peritoneal Dialysis Catheter Insertion,General Surgery,Access Surgery,"PD catheter dialysis peritoneal"
22,Laparotomy,General Surgery,Abdominal Surgery,"exploratory laparotomy abdomen open"
23,Pancreatic Necrosectomy,General Surgery,Hepatobiliary Surgery,"pancreas necrosis necrosectomy"
24,Suture of Perforated Ulcer,General Surgery,Upper GI Surgery,"perforated ulcer duodenal ulcer repair"
25,Feeding Jejunostomy,General Surgery,Enteral Access,"J tube feeding jejunostomy"
26,CABG,Cardiothoracic Surgery,Cardiac Surgery,"coronary artery bypass graft bypass heart surgery"
27,Off-Pump CABG,Cardiothoracic Surgery,Cardiac Surgery,"OPCAB beating heart bypass coronary"
28,Minimally Invasive CABG,Cardiothoracic Surgery,Cardiac Surgery,"MIDCAB minimally invasive bypass"
29,Aortic Valve Replacement,Cardiothoracic Surgery,Cardiac Surgery,"AVR aortic valve heart valve"
30,Transcatheter Aortic Valve Replacement,Cardiothoracic Surgery,Interventional Cardiology,"TAVR TAVI aortic valve catheter"
31,Mitral Valve Repair,Cardiothoracic Surgery,Cardiac Surgery,"mitral valve annuloplasty"
32,Mitral Valve Replacement,Cardiothoracic Surgery,Cardiac Surgery,"MVR mitral prosthesis"
33,Tricuspid Valve Repair,Cardiothoracic Surgery,Cardiac Surgery,"tricuspid valve annuloplasty"
34,Pulmonary Valve Replacement,Cardiothoracic Surgery,Cardiac Surgery,"PVR pulmonary valve"
35,Heart Transplantation,Cardiothoracic Surgery,Transplant Surgery,"cardiac transplant heart transplant"
36,Lung Transplantation,Cardiothoracic Surgery,Transplant Surgery,"pulmonary transplant lung"
37,Double Lung Transplantation,Cardiothoracic Surgery,Transplant Surgery,"bilateral lung transplant"
38,Lobectomy of Lung,Cardiothoracic Surgery,Thoracic Surgery,"lung lobectomy pulmonary lobe"
39,Pneumonectomy,Cardiothoracic Surgery,Thoracic Surgery,"whole lung removal pneumonectomy"
40,Wedge Resection of Lung,Cardiothoracic Surgery,Thoracic Surgery,"lung wedge resection nodule"
41,Video-Assisted Thoracoscopic Surgery,Cardiothoracic Surgery,Minimally Invasive Thoracic Surgery,"VATS thoracoscopy lung biopsy"
42,Thoracotomy,Cardiothoracic Surgery,Thoracic Surgery,"open chest thoracotomy"
43,Pleurectomy,Cardiothoracic Surgery,Thoracic Surgery,"pleura pleurectomy mesothelioma"
44,Decortication of Lung,Cardiothoracic Surgery,Thoracic Surgery,"lung decortication empyema"
45,Esophagectomy,Cardiothoracic Surgery,Thoracic Surgery,"esophagus esophageal cancer Ivor Lewis"
46,Repair of Coarctation of Aorta,Cardiothoracic Surgery,Cardiac Surgery,"coarctation aortic repair"
47,Atrial Septal Defect Closure,Cardiothoracic Surgery,Cardiac Surgery,"ASD closure atrial septal"
48,Ventricular Septal Defect Closure,Cardiothoracic Surgery,Cardiac Surgery,"VSD closure ventricular septal"
49,Patent Ductus Arteriosus Ligation,Cardiothoracic Surgery,Cardiac Surgery,"PDA ligation patent ductus"
50,Pericardiectomy,Cardiothoracic Surgery,Cardiac Surgery,"pericardium pericardial stripping"
51,Coronary Angioplasty,Cardiothoracic Surgery,Interventional Cardiology,"PTCA balloon angioplasty stent"
52,Coronary Stent Placement,Cardiothoracic Surgery,Interventional Cardiology,"stent PCI drug-eluting stent"
53,Atrial Fibrillation Ablation,Cardiothoracic Surgery,Cardiac Electrophysiology,"AFib ablation maze procedure"
54,Pacemaker Implantation,Cardiothoracic Surgery,Cardiac Device,"pacemaker permanent pacemaker"
55,ICD Implantation,Cardiothoracic Surgery,Cardiac Device,"implantable cardioverter defibrillator"
56,Cardiac Resynchronization Therapy,Cardiothoracic Surgery,Cardiac Device,"CRT biventricular pacemaker"
57,Heart Valve Repair,Cardiothoracic Surgery,Cardiac Surgery,"valvuloplasty annuloplasty"
58,Thymectomy,Cardiothoracic Surgery,Thoracic Surgery,"thymus myasthenia gravis thymoma"
59,Craniotomy,Neurosurgery,Cranial Surgery,"brain craniotomy skull opening"
60,Craniectomy,Neurosurgery,Cranial Surgery,"bone flap removal craniectomy decompression"
61,Burr Hole Drainage,Neurosurgery,Emergency Neurosurgery,"burr hole subdural hematoma"
62,Deep Brain Stimulation,Neurosurgery,Functional Neurosurgery,"DBS Parkinson's dystonia"
63,Microdiscectomy,Neurosurgery,Spine Surgery,"herniated disc microdiscectomy lumbar"
64,Lumbar Laminectomy,Neurosurgery,Spine Surgery,"laminectomy spinal stenosis decompression"
65,Cervical Laminectomy,Neurosurgery,Spine Surgery,"neck laminectomy cervical spine"
66,Thoracic Laminectomy,Neurosurgery,Spine Surgery,"thoracic spine decompression"
67,Spinal Fusion,Neurosurgery,Spine Surgery,"spondylodesis fusion vertebrae"
68,Anterior Cervical Discectomy and Fusion,Neurosurgery,Spine Surgery,"ACDF cervical fusion discectomy"
69,Posterior Lumbar Interbody Fusion,Neurosurgery,Spine Surgery,"PLIF lumbar fusion"
70,Transforaminal Lumbar Interbody Fusion,Neurosurgery,Spine Surgery,"TLIF lumbar fusion"
71,Vertebroplasty,Neurosurgery,Spine Surgery,"vertebral augmentation cement"
72,Kyphoplasty,Neurosurgery,Spine Surgery,"balloon kyphoplasty vertebral fracture"
73,Brain Tumor Resection,Neurosurgery,Neuro-oncology,"glioma meningioma brain tumor removal"
74,Transsphenoidal Hypophysectomy,Neurosurgery,Skull Base Surgery,"pituitary tumor transsphenoidal"
75,VP Shunt Insertion,Neurosurgery,Cerebrospinal Fluid Surgery,"ventriculoperitoneal shunt hydrocephalus"
76,VP Shunt Revision,Neurosurgery,Cerebrospinal Fluid Surgery,"shunt revision hydrocephalus"
77,Endoscopic Third Ventriculostomy,Neurosurgery,Neuroendoscopy,"ETV hydrocephalus third ventricle"
78,Carotid Endarterectomy,Neurosurgery,Vascular Neurosurgery,"CEA carotid artery plaque"
79,Aneurysm Clipping,Neurosurgery,Cerebrovascular Surgery,"brain aneurysm clip"
80,Arteriovenous Malformation Resection,Neurosurgery,Cerebrovascular Surgery,"AVM brain removal"
81,Epilepsy Surgery,Neurosurgery,Functional Neurosurgery,"epilepsy focus resection lobectomy"
82,Corpus Callosotomy,Neurosurgery,Epilepsy Surgery,"callosotomy drop attacks"
83,Selective Dorsal Rhizotomy,Neurosurgery,Pediatric Neurosurgery,"SDR spasticity cerebral palsy"
84,Chiari Decompression,Neurosurgery,Posterior Fossa Surgery,"Chiari malformation decompression"
85,Syrinx Drainage,Neurosurgery,Spinal Cord Surgery,"syringomyelia shunt"
86,Total Knee Arthroplasty,Orthopedic Surgery,Joint Replacement,"TKR knee replacement total knee"
87,Partial Knee Arthroplasty,Orthopedic Surgery,Joint Replacement,"unicompartmental knee replacement"
88,Total Hip Arthroplasty,Orthopedic Surgery,Joint Replacement,"THR hip replacement total hip"
89,Hip Resurfacing,Orthopedic Surgery,Joint Replacement,"Birmingham hip resurfacing"
90,Total Shoulder Arthroplasty,Orthopedic Surgery,Joint Replacement,"shoulder replacement"
91,Reverse Total Shoulder Arthroplasty,Orthopedic Surgery,Joint Replacement,"reverse shoulder cuff arthropathy"
92,Total Elbow Arthroplasty,Orthopedic Surgery,Joint Replacement,"elbow replacement"
93,Ankle Arthroplasty,Orthopedic Surgery,Joint Replacement,"total ankle replacement"
94,Arthroscopic Knee Meniscectomy,Orthopedic Surgery,Arthroscopic Surgery,"meniscus tear knee scope"
95,Arthroscopic ACL Reconstruction,Orthopedic Surgery,Sports Medicine,"anterior cruciate ligament knee"
96,Arthroscopic PCL Reconstruction,Orthopedic Surgery,Sports Medicine,"posterior cruciate ligament"
97,Arthroscopic Rotator Cuff Repair,Orthopedic Surgery,Shoulder Surgery,"rotator cuff tear shoulder scope"
98,Arthroscopic Bankart Repair,Orthopedic Surgery,Shoulder Surgery,"shoulder instability labrum"
99,Arthroscopic Subacromial Decompression,Orthopedic Surgery,Shoulder Surgery,"impingement syndrome shoulder"
100,Open Reduction Internal Fixation of Femur,Orthopedic Surgery,Trauma Surgery,"ORIF femur fracture"
101,ORIF of Tibia,Orthopedic Surgery,Trauma Surgery,"tibial fracture fixation"
102,ORIF of Ankle,Orthopedic Surgery,Trauma Surgery,"ankle fracture open reduction"
103,ORIF of Humerus,Orthopedic Surgery,Trauma Surgery,"humeral fracture"
104,Intramedullary Nailing of Femur,Orthopedic Surgery,Trauma Surgery,"femoral nail IM nailing"
105,Intramedullary Nailing of Tibia,Orthopedic Surgery,Trauma Surgery,"tibial nail"
106,Vertebral Fracture Fixation,Orthopedic Surgery,Spine Surgery,"spinal fracture pedicle screw"
107,Carpal Tunnel Release,Orthopedic Surgery,Hand Surgery,"median nerve decompression wrist"
108,Trigger Finger Release,Orthopedic Surgery,Hand Surgery,"stenosing tenosynovitis A1 pulley"
109,Dupuytren's Fasciectomy,Orthopedic Surgery,Hand Surgery,"Dupuytren contracture palmar fascia"
110,Total Wrist Arthrodesis,Orthopedic Surgery,Hand Surgery,"wrist fusion"
111,Cheilectomy,Orthopedic Surgery,Foot Surgery,"hallux rigidus big toe"
112,Hallux Valgus Correction,Orthopedic Surgery,Foot Surgery,"bunionectomy bunion"
113,Hammer Toe Correction,Orthopedic Surgery,Foot Surgery,"hammer toe deformity"
114,Plantar Fasciotomy,Orthopedic Surgery,Foot Surgery,"plantar fascia release heel pain"
115,Osteotomy of Femur,Orthopedic Surgery,Limb Deformity Surgery,"femoral osteotomy realignment"
116,High Tibial Osteotomy,Orthopedic Surgery,Knee Surgery,"HTO knee realignment"
117,Removal of Orthopedic Hardware,Orthopedic Surgery,Reoperation Surgery,"hardware removal plate screw"
118,Spinal Decompression,Orthopedic Surgery,Spine Surgery,"laminectomy stenosis"
119,Spinal Instrumentation,Orthopedic Surgery,Spine Surgery,"pedicle screw rod fixation"
120,Rhinoplasty,Plastic Surgery,Facial Cosmetic Surgery,"nose job nasal reshaping"
121,Septorhinoplasty,Plastic Surgery,Facial Cosmetic Surgery,"deviated septum rhinoplasty"
122,Blepharoplasty,Plastic Surgery,Eyelid Surgery,"eyelid lift bags under eyes"
123,Facelift,Plastic Surgery,Facial Rejuvenation,"rhytidectomy face lift aging"
124,Brow Lift,Plastic Surgery,Facial Rejuvenation,"forehead lift brow ptosis"
125,Otoplasty,Plastic Surgery,Ear Surgery,"ear pinning prominent ears"
126,Liposuction,Plastic Surgery,Body Contouring,"lipoplasty fat removal"
127,Arm Lift,Plastic Surgery,Body Contouring,"brachioplasty bat wings"
128,Thigh Lift,Plastic Surgery,Body Contouring,"thighplasty"
129,Tummy Tuck,Plastic Surgery,Abdominal Contouring,"abdominoplasty belly fat"
130,Lower Body Lift,Plastic Surgery,Body Contouring,"belt lipectomy"
131,Breast Augmentation,Plastic Surgery,Breast Surgery,"breast implant mammoplasty"
132,Breast Reduction,Plastic Surgery,Breast Surgery,"reduction mammoplasty macromastia"
133,Breast Lift,Plastic Surgery,Breast Surgery,"mastopexy ptosis"
134,Gynecomastia Surgery,Plastic Surgery,Male Breast Surgery,"male breast reduction"
135,Mastectomy,General Surgery,Breast Surgery,"breast removal cancer"
136,Lumpectomy,General Surgery,Breast Surgery,"breast conserving surgery partial mastectomy"
137,Sentinel Lymph Node Biopsy,General Surgery,Breast Surgery,"SLNB axillary staging"
138,Mohs Surgery,Dermatologic Surgery,Skin Cancer Surgery,"Mohs micrographic surgery skin cancer"
139,Skin Graft,Plastic Surgery,Reconstructive Surgery,"split thickness graft full thickness graft"
140,Flap Reconstruction,Plastic Surgery,Reconstructive Surgery,"pedicled flap free flap"
141,TRAM Flap,Plastic Surgery,Breast Reconstruction,"transverse rectus abdominis muscle flap"
142,DIEP Flap,Plastic Surgery,Breast Reconstruction,"deep inferior epigastric perforator"
143,Cleft Lip Repair,Plastic Surgery,Craniofacial Surgery,"cheiloplasty cleft"
144,Cleft Palate Repair,Plastic Surgery,Craniofacial Surgery,"palatoplasty cleft"
145,Scar Revision,Plastic Surgery,Dermatologic Surgery,"scar excision z-plasty"
146,Chemical Peel,Plastic Surgery,Facial Rejuvenation,"TCA peel phenol"
147,Laser Skin Resurfacing,Dermatologic Surgery,Cosmetic Dermatology,"CO2 laser erbium"
148,Buttock Lift,Plastic Surgery,Body Contouring,"gluteal lift"
149,Brazilian Butt Lift,Plastic Surgery,Body Contouring,"BBL fat grafting gluteal"
150,Labiaplasty,Plastic Surgery,Genital Surgery,"labial reduction vaginal cosmetic"
151,Carotid Endarterectomy,Vascular Surgery,Arterial Surgery,"CEA carotid plaque"
152,Carotid Artery Stenting,Vascular Surgery,Endovascular Surgery,"CAS carotid stent"
153,Abdominal Aortic Aneurysm Repair,Vascular Surgery,Aortic Surgery,"AAA repair open"
154,EVAR,Vascular Surgery,Endovascular Surgery,"endovascular aneurysm repair aortic"
155,Thoracic Endovascular Aortic Repair,Vascular Surgery,Endovascular Surgery,"TEVAR thoracic aorta"
156,Femoral-Popliteal Bypass,Vascular Surgery,Lower Extremity Bypass,"fem pop bypass leg ischemia"
157,Femoral-Distal Bypass,Vascular Surgery,Lower Extremity Bypass,"femoral-tibial bypass"
158,Lower Extremity Angioplasty,Vascular Surgery,Peripheral Intervention,"leg angioplasty PTA"
159,Peripheral Stenting,Vascular Surgery,Peripheral Intervention,"iliac stent femoral stent"
160,Atherectomy,Vascular Surgery,Endovascular Surgery,"plaque excision laser atherectomy"
161,Thrombectomy,Vascular Surgery,Arterial Surgery,"clot removal embolectomy"
162,Embolectomy,Vascular Surgery,Arterial Surgery,"embolus removal"
163,Vena Cava Filter Placement,Vascular Surgery,Venous Surgery,"IVC filter DVT prevention"
164,Varicose Vein Stripping,Vascular Surgery,Venous Surgery,"great saphenous vein stripping"
165,Endovenous Laser Ablation,Vascular Surgery,Venous Surgery,"EVLA varicose veins laser"
166,Radiofrequency Ablation of Veins,Vascular Surgery,Venous Surgery,"RFA vein closure"
167,Sclerotherapy,Vascular Surgery,Venous Surgery,"sclerosant injection spider veins"
168,Arteriovenous Fistula Creation,Vascular Surgery,Access Surgery,"AV fistula dialysis access"
169,AV Graft Placement,Vascular Surgery,Access Surgery,"arteriovenous graft dialysis"
170,Dialysis Catheter Insertion,Vascular Surgery,Access Surgery,"permcath tunneled catheter"
171,Pediatric Appendectomy,Pediatric Surgery,Abdominal Surgery,"child appendix removal"
172,Pyloromyotomy,Pediatric Surgery,Upper GI Surgery,"infant hypertrophic pyloric stenosis"
173,Congenital Diaphragmatic Hernia Repair,Pediatric Surgery,Neonatal Surgery,"CDH repair"
174,Esophageal Atresia Repair,Pediatric Surgery,Neonatal Surgery,"EA TEF repair"
175,Tracheoesophageal Fistula Repair,Pediatric Surgery,Neonatal Surgery,"TEF closure"
176,Imperforate Anus Repair,Pediatric Surgery,Colorectal Surgery,"anorectal malformation"
177,Hirschsprung Disease Pull-Through,Pediatric Surgery,Colorectal Surgery,"aganglionosis pull-through"
178,Omphalocele Repair,Pediatric Surgery,Abdominal Wall Defect,"exomphalos"
179,Gastroschisis Repair,Pediatric Surgery,Abdominal Wall Defect,"abdominal wall defect"
180,Inguinal Hernia Repair (Pediatric),Pediatric Surgery,Hernia Repair,"child hernia"
181,Orchiopexy,Pediatric Surgery,Urologic Surgery,"undescended testis fixation"
182,Hydrocele Repair (Pediatric),Pediatric Surgery,Urologic Surgery,"hydrocelectomy child"
183,Cricothyrotomy,Emergency Surgery,Airway Surgery,"emergency airway cric"
184,Emergency Thoracotomy,Emergency Surgery,Trauma Surgery,"resuscitative thoracotomy"
185,Emergency Laparotomy,Emergency Surgery,Trauma Surgery,"trauma laparotomy"
186,Emergency Craniotomy,Emergency Surgery,Trauma Surgery,"traumatic brain injury"
187,Fasciotomy,Emergency Surgery,Compartment Syndrome,"compartment release"
188,Escharotomy,Emergency Surgery,Burn Surgery,"burn eschar release"
189,Tracheostomy,Emergency Surgery,Airway Surgery,"trach surgical airway"
190,Percutaneous Dilatational Tracheostomy,Emergency Surgery,Airway Surgery,"PDT tracheostomy"
191,Radical Prostatectomy,Urology,Oncologic Surgery,"prostate cancer prostate removal"
192,Laparoscopic Radical Prostatectomy,Urology,Minimally Invasive Urology,"lap prostatectomy"
193,Robotic Prostatectomy,Urology,Robotic Surgery,"da Vinci prostate"
194,Transurethral Resection of Prostate,Urology,Benign Prostatic Hyperplasia,"TURP prostate enlargement"
195,Holmium Laser Enucleation of Prostate,Urology,Benign Prostatic Hyperplasia,"HoLEP laser prostate"
196,Simple Prostatectomy,Urology,Benign Prostatic Hyperplasia,"open prostatectomy large prostate"
197,Nephrectomy,Urology,Oncologic Surgery,"kidney removal"
198,Partial Nephrectomy,Urology,Oncologic Surgery,"kidney sparing surgery"
199,Laparoscopic Nephrectomy,Urology,Minimally Invasive Urology,"lap kidney removal"
200,Radical Nephrectomy,Urology,Oncologic Surgery,"kidney cancer nephrectomy"
201,Nephroureterectomy,Urology,Oncologic Surgery,"ureter kidney removal TCC"
202,Cystectomy,Urology,Oncologic Surgery,"bladder removal"
203,Partial Cystectomy,Urology,Oncologic Surgery,"bladder tumor resection"
204,Urinary Diversion,Urology,Reconstructive Surgery,"ileal conduit neobladder"
205,Ileal Conduit,Urology,Reconstructive Surgery,"Bricker urinary diversion"
206,Neobladder Creation,Urology,Reconstructive Surgery,"orthotopic neobladder"
207,Transurethral Resection of Bladder Tumor,Urology,Oncologic Surgery,"TURBT bladder cancer"
208,Ureteroscopy with Laser Lithotripsy,Urology,Stone Disease,"URS kidney stone laser"
209,PCNL,Urology,Stone Disease,"percutaneous nephrolithotomy large stone"
210,ESWL,Urology,Stone Disease,"extracorporeal shock wave lithotripsy"
211,Open Pyelolithotomy,Urology,Stone Disease,"renal stone removal open"
212,Ureteroureterostomy,Urology,Reconstructive Surgery,"ureter reanastomosis"
213,Ureteral Reimplantation,Urology,Reconstructive Surgery,"ureteroneocystostomy"
214,Pyeloplasty,Urology,Obstructive Uropathy,"UPJ obstruction repair"
215,Hypospadias Repair,Urology,Pediatric Urology,"urethral meatus repair"
216,Epispadias Repair,Urology,Pediatric Urology,"bladder exstrophy"
217,Vasectomy,Urology,Sterilization,"male sterilization"
218,Vasovasostomy,Urology,Sterilization Reversal,"vasectomy reversal"
219,Orchiectomy,Urology,Oncologic Surgery,"testis removal testicular cancer"
220,Orchiopexy,Urology,Pediatric Urology,"testis fixation"
221,Penile Prosthesis Implantation,Urology,Sexual Health,"penile implant erectile dysfunction"
222,Artificial Urinary Sphincter,Urology,Incontinence Surgery,"AUS stress incontinence"
223,Mid-Urethral Sling,Urology,Incontinence Surgery,"TVT TOT female stress incontinence"
224,Colposuspension,Urology,Incontinence Surgery,"Burch procedure"
225,Sacral Neuromodulation,Urology,Neurostimulation,"InterStim overactive bladder"
226,Tonsillectomy,ENT Surgery,Oropharyngeal Surgery,"tonsil removal"
227,Adenoidectomy,ENT Surgery,Oropharyngeal Surgery,"adenoid removal"
228,Tonsillectomy and Adenoidectomy,ENT Surgery,Oropharyngeal Surgery,"T&A"
229,Myringotomy with Tubes,ENT Surgery,Otologic Surgery,"ear tubes grommets"
230,Tympanoplasty,ENT Surgery,Otologic Surgery,"eardrum repair"
231,Mastoidectomy,ENT Surgery,Otologic Surgery,"mastoid infection cholesteatoma"
232,Stapedectomy,ENT Surgery,Otologic Surgery,"stapes replacement otosclerosis"
233,Cochlear Implantation,ENT Surgery,Otologic Surgery,"cochlear implant deafness"
234,Septoplasty,ENT Surgery,Nasal Surgery,"deviated septum repair"
235,Endoscopic Sinus Surgery,ENT Surgery,Sinus Surgery,"FESS chronic sinusitis"
236,Balloon Sinuplasty,ENT Surgery,Sinus Surgery,"balloon catheter sinus dilation"
237,Functional Endoscopic Sinus Surgery,ENT Surgery,Sinus Surgery,"FESS polyps"
238,Laryngoscopy with Biopsy,ENT Surgery,Laryngeal Surgery,"vocal cord biopsy"
239,Microlaryngeal Surgery,ENT Surgery,Laryngeal Surgery,"vocal cord nodule polyp"
240,Laser Cordectomy,ENT Surgery,Laryngeal Surgery,"vocal cord cancer laser"
241,Total Laryngectomy,ENT Surgery,Laryngeal Surgery,"voice box removal"
242,Partial Laryngectomy,ENT Surgery,Laryngeal Surgery,"laryngeal cancer partial"
243,Tracheoesophageal Puncture,ENT Surgery,Speech Rehabilitation,"TEP voice prosthesis"
244,Neck Dissection,ENT Surgery,Oncologic Surgery,"lymph node removal head neck cancer"
245,Thyroidectomy,General Surgery,Endocrine Surgery,"thyroid removal"
246,Total Thyroidectomy,General Surgery,Endocrine Surgery,"complete thyroid removal cancer"
247,Subtotal Thyroidectomy,General Surgery,Endocrine Surgery,"partial thyroidectomy"
248,Parathyroidectomy,General Surgery,Endocrine Surgery,"parathyroid adenoma hyperparathyroidism"
249,Submandibular Gland Excision,ENT Surgery,Salivary Gland Surgery,"submandibular sialadenitis"
250,Parotidectomy,ENT Surgery,Salivary Gland Surgery,"parotid tumor facial nerve"
251,Pharyngectomy,ENT Surgery,Pharyngeal Surgery,"throat cancer pharynx"
252,Cataract Surgery,Ophthalmology,Lens Surgery,"phacoemulsification cataract extraction"
253,Phacoemulsification with IOL,Ophthalmology,Lens Surgery,"cataract with lens implant"
254,Extracapsular Cataract Extraction,Ophthalmology,Lens Surgery,"ECCE large cataract"
255,Intracapsular Cataract Extraction,Ophthalmology,Lens Surgery,"ICCE rare"
256,LASIK,Ophthalmology,Refractive Surgery,"laser vision correction myopia"
257,PRK,Ophthalmology,Refractive Surgery,"photorefractive keratectomy"
258,SMILE,Ophthalmology,Refractive Surgery,"small incision lenticule extraction"
259,Corneal Transplant,Ophthalmology,Corneal Surgery,"penetrating keratoplasty PKP"
260,Descemet's Stripping Endothelial Keratoplasty,Ophthalmology,Corneal Surgery,"DSEK endothelial transplant"
261,Descemet's Membrane Endothelial Keratoplasty,Ophthalmology,Corneal Surgery,"DMEK"
262,Corneal Crosslinking,Ophthalmology,Corneal Surgery,"riboflavin UV keratoconus"
263,Glaucoma Surgery,Ophthalmology,Glaucoma Surgery,"trabeculectomy"
264,Trabeculectomy,Ophthalmology,Glaucoma Surgery,"filtration surgery glaucoma"
265,Glaucoma Drainage Device,Ophthalmology,Glaucoma Surgery,"Ahmed tube Baerveldt"
266,Selective Laser Trabeculoplasty,Ophthalmology,Laser Glaucoma Surgery,"SLT glaucoma laser"
267,Cyclophotocoagulation,Ophthalmology,Glaucoma Surgery,"CPC ciliary body laser"
268,Retinal Detachment Repair,Ophthalmology,Retinal Surgery,"scleral buckle vitrectomy"
269, Pars Plana Vitrectomy,Ophthalmology,Retinal Surgery,"PPV vitreous hemorrhage"
270,Epiretinal Membrane Peeling,Ophthalmology,Retinal Surgery,"macular pucker"
271,Macular Hole Repair,Ophthalmology,Retinal Surgery,"vitrectomy gas tamponade"
272,Intravitreal Injection,Ophthalmology,Medical Retinal,"anti-VEGF Eylea Lucentis"
273,Enucleation,Ophthalmology,Ocular Oncology,"eye removal prosthesis"
274,Evisceration,Ophthalmology,Ocular Oncology,"eye contents removal"
275,Pterygium Excision,Ophthalmology,Corneal Surgery,"pterygium removal conjunctival autograft"
276,Strabismus Surgery,Ophthalmology,Pediatric Ophthalmology,"eye muscle surgery squint"
277,Botox for Strabismus,Ophthalmology,Pediatric Ophthalmology,"botulinum toxin eye alignment"
278,Botox for Blepharospasm,Ophthalmology,Eyelid Surgery,"botox eye spasm"
279,Cesarean Section,Gynecology & Obstetrics,Obstetric Surgery,"C-section delivery"
280,Repeat Cesarean Section,Gynecology & Obstetrics,Obstetric Surgery,"repeat C-section"
281,Classical Cesarean Section,Gynecology & Obstetrics,Obstetric Surgery,"vertical uterine incision"
282,Vaginal Delivery with Episiotomy,Gynecology & Obstetrics,Obstetric Surgery,"episiotomy perineal tear"
283,Vacuum-Assisted Delivery,Gynecology & Obstetrics,Operative Delivery,"ventouse"
284,Forceps Delivery,Gynecology & Obstetrics,Operative Delivery,"obstetric forceps"
285,Manual Removal of Placenta,Gynecology & Obstetrics,Obstetric Surgery,"retained placenta"
286,Hysterectomy,Gynecology & Obstetrics,Gynecologic Surgery,"uterus removal"
287,Total Abdominal Hysterectomy,Gynecology & Obstetrics,Gynecologic Surgery,"TAH"
288,Vaginal Hysterectomy,Gynecology & Obstetrics,Gynecologic Surgery,"VH"
289,Laparoscopic Hysterectomy,Gynecology & Obstetrics,Minimally Invasive Gynecology,"LH"
290,Robotic Hysterectomy,Gynecology & Obstetrics,Robotic Gynecology,"da Vinci hysterectomy"
291,Myomectomy,Gynecology & Obstetrics,Uterine Surgery,"fibroid removal"
292,Laparoscopic Myomectomy,Gynecology & Obstetrics,Minimally Invasive Gynecology,"lap fibroid removal"
293,Endometrial Ablation,Gynecology & Obstetrics,Endometrial Surgery,"novasure heavy bleeding"
294,Dilation and Curettage,Gynecology & Obstetrics,Diagnostic Surgery,"D&C uterine scraping"
295,Hysteroscopy,Gynecology & Obstetrics,Diagnostic Surgery,"uterine cavity exam"
296,Polypectomy (Uterine),Gynecology & Obstetrics,Endometrial Surgery,"uterine polyp removal"
297,Oophorectomy,Gynecology & Obstetrics,Ovarian Surgery,"ovary removal"
298,Salpingectomy,Gynecology & Obstetrics,Tubal Surgery,"fallopian tube removal"
299,Salpingo-oophorectomy,Gynecology & Obstetrics,Ovarian Surgery,"ovary and tube removal"
300,Tubal Ligation,Gynecology & Obstetrics,Sterilization,"female sterilization tubes tied"
301,Tubal Reanastomosis,Gynecology & Obstetrics,Sterilization Reversal,"tubal reversal"
302,Ovarian Cystectomy,Gynecology & Obstetrics,Ovarian Surgery,"cyst removal ovary"
303,Colporrhaphy,Gynecology & Obstetrics,Pelvic Floor Surgery,"anterior posterior repair"
304,Sacrocolpopexy,Gynecology & Obstetrics,Pelvic Floor Surgery,"vaginal vault prolapse mesh"
305,Manchester Procedure,Gynecology & Obstetrics,Pelvic Floor Surgery,"prolapse repair"
306,Le Fort Colpocleisis,Gynecology & Obstetrics,Pelvic Floor Surgery,"vaginal closure elderly prolapse"
307,Fistula Repair (Vesicovaginal),Gynecology & Obstetrics,Reconstructive Surgery,"VVF repair"
308,Maxillary Le Fort I Osteotomy,Maxillofacial Surgery,Orthognathic Surgery,"upper jaw advancement"
309,Mandibular Bilateral Sagittal Split Osteotomy,Maxillofacial Surgery,Orthognathic Surgery,"BSSO lower jaw"
310,Genioplasty,Maxillofacial Surgery,Chin Surgery,"chin advancement sliding genioplasty"
311,TMJ Arthroscopy,Maxillofacial Surgery,Temporomandibular Joint Surgery,"jaw joint scope"
312,TMJ Open Arthroplasty,Maxillofacial Surgery,Temporomandibular Joint Surgery,"jaw joint replacement"
313,Orbital Floor Repair,Maxillofacial Surgery,Trauma Surgery,"blowout fracture"
314,Zygomatic Fracture Repair,Maxillofacial Surgery,Trauma Surgery,"cheekbone fracture"
315,Mandibular Fracture Repair,Maxillofacial Surgery,Trauma Surgery,"jaw fracture ORIF"
316,Alveolar Ridge Split,Maxillofacial Surgery,Pre-prosthetic Surgery,"bone split"
317,Distraction Osteogenesis (Mandible),Maxillofacial Surgery,Craniofacial Surgery,"mandibular lengthening"
318,Simple Tooth Extraction,Oral Surgery,Exodontia,"pull tooth forceps"
319,Surgical Tooth Extraction,Oral Surgery,Exodontia,"impacted tooth surgical removal"
320,Impacted Third Molar Extraction,Oral Surgery,Third Molar Surgery,"wisdom tooth removal"
321,Full Bony Impaction Removal,Oral Surgery,Complex Extraction,"deep impacted molar"
322,Partial Bony Impaction Removal,Oral Surgery,Complex Extraction,"semi-impacted tooth"
323,Alveoloplasty,Oral Surgery,Pre-prosthetic Surgery,"bone smoothing extraction site"
324,Apicoectomy,Endodontics,Root End Surgery,"root end resection retrograde filling"
325,Root Canal Treatment (Anterior),Endodontics,Endodontic Therapy,"RCT front tooth pulpectomy"
326,Root Canal Treatment (Premolar),Endodontics,Endodontic Therapy,"RCT premolar"
327,Root Canal Treatment (Molar),Endodontics,Endodontic Therapy,"RCT molar multi-rooted"
328,Pulpectomy,Endodontics,Pulp Therapy,"pulp removal baby tooth"
329,Pulpotomy,Endodontics,Pulp Therapy,"partial pulp removal"
330,Endodontic Retreatment,Endodontics,Reoperation,"repeat root canal"
331,Internal Bleaching,Endodontics,Esthetic Endodontics,"non-vital tooth bleaching"
332,Scaling and Root Planing,Periodontics,Non-Surgical Periodontics,"deep cleaning SRP"
333,Gingival Flap Surgery,Periodontics,Periodontal Surgery,"open flap debridement"
334,Periodontal Flap with Osseous Resection,Periodontics,Periodontal Surgery,"osseous surgery"
335,Guided Tissue Regeneration,Periodontics,Regenerative Surgery,"GTR membrane bone graft"
336,Periodontal Bone Graft,Periodontics,Regenerative Surgery,"bone graft defect"
337,Free Gingival Graft,Periodontics,Soft Tissue Graft,"FGG keratinized tissue"
338,Connective Tissue Graft,Periodontics,Soft Tissue Graft,"CTG root coverage"
339,Crown Lengthening,Periodontics,Periodontal Surgery,"esthetic crown lengthening"
340,Gingivectomy,Periodontics,Excisional Surgery,"gum tissue removal"
341,Gingivoplasty,Periodontics,Recontouring Surgery,"gum reshaping"
342,Full Mouth Debridement,Periodontics,Non-Surgical Periodontics,"FMD heavy calculus"
343,Periodontal Abscess Drainage,Periodontics,Emergency Surgery,"gum boil drainage"
344,Implant Placement (Single Tooth),Oral Surgery,Dental Implantology,"dental implant fixture"
345,Implant Placement (Multiple),Oral Surgery,Dental Implantology,"multiple implants"
346,Full Arch Implant,Prosthodontics,Full Arch Restoration,"fixed implant bridge"
347,All-on-4,Prosthodontics,Full Arch Restoration,"four implants full arch"
348,All-on-6,Prosthodontics,Full Arch Restoration,"six implants fixed prosthesis"
349,Sinus Lift,Maxillofacial Surgery,Augmentation Surgery,"sinus augmentation maxillary sinus"
350,Lateral Window Sinus Lift,Oral Surgery,Bone Grafting,"sinus bone graft"
351,Transalveolar Sinus Lift,Oral Surgery,Bone Grafting,"osteotome sinus lift"
352,Ridge Augmentation,Oral Surgery,Bone Grafting,"horizontal ridge graft"
353,Block Bone Graft,Oral Surgery,Bone Grafting,"autogenous block graft"
354,Guided Bone Regeneration,Oral Surgery,Augmentation Surgery,"GBR membrane"
355,Crown (Porcelain Fused to Metal),Prosthodontics,Fixed Prosthodontics,"PFM crown cap"
356,Crown (All Ceramic),Prosthodontics,Fixed Prosthodontics,"zirconia lithium disilicate"
357,Crown (Gold),Prosthodontics,Fixed Prosthodontics,"gold alloy crown"
358,Bridge (Three-Unit),Prosthodontics,Fixed Prosthodontics,"fixed dental bridge"
359,Cantilever Bridge,Prosthodontics,Fixed Prosthodontics,"single abutment bridge"
360,Maryland Bridge,Prosthodontics,Resin-Bonded Prosthesis,"resin bonded bridge"
361,Complete Denture (Upper),Prosthodontics,Removable Prosthodontics,"full upper denture"
362,Complete Denture (Lower),Prosthodontics,Removable Prosthodontics,"full lower denture"
363,Immediate Denture,Prosthodontics,Removable Prosthodontics,"same day denture"
364,Partial Denture (Cast Metal),Prosthodontics,Removable Prosthodontics,"cast metal partial denture"